index  local: 1,<IoT_ItensMonitor.CameraMonitor object at 0x7f088f207ad0>,<IoT_ItensMonitor.CameraMonitor object at 0x7f088f207bc0>,<IoT_ItensMonitor.JanelaMonitor object at 0x7f088f207ce0>,<IoT_ItensMonitor.JanelaMonitor object at 0x7f088f152e70>
index  local: 2,<IoT_ItensMonitor.CameraMonitor object at 0x7f088f185700>,<IoT_ItensMonitor.CameraMonitor object at 0x7f088f207ad0>,<IoT_ItensMonitor.JanelaMonitor object at 0x7f088f207bc0>,<IoT_ItensMonitor.JanelaMonitor object at 0x7f088f207ce0>
index  local: 3,<IoT_ItensMonitor.CameraMonitor object at 0x7f088f353cb0>,<IoT_ItensMonitor.CameraMonitor object at 0x7f088f185700>,<IoT_ItensMonitor.JanelaMonitor object at 0x7f088f207ad0>,<IoT_ItensMonitor.JanelaMonitor object at 0x7f088f207bc0>
index  local: 4,<IoT_ItensMonitor.CameraMonitor object at 0x7f088f152e70>,<IoT_ItensMonitor.CameraMonitor object at 0x7f088f353cb0>,<IoT_ItensMonitor.JanelaMonitor object at 0x7f088f185700>,<IoT_ItensMonitor.JanelaMonitor object at 0x7f088f207ad0>
index  local: 5,<IoT_ItensMonitor.CameraMonitor object at 0x7f088f207ce0>,<IoT_ItensMonitor.CameraMonitor object at 0x7f088f152e70>,<IoT_ItensMonitor.JanelaMonitor object at 0x7f088f353cb0>,<IoT_ItensMonitor.JanelaMonitor object at 0x7f088f185700>
index  local: 6,<IoT_ItensMonitor.CameraMonitor object at 0x7f088f207bc0>,<IoT_ItensMonitor.CameraMonitor object at 0x7f088f207ce0>,<IoT_ItensMonitor.JanelaMonitor object at 0x7f088f152e70>,<IoT_ItensMonitor.JanelaMonitor object at 0x7f088f353cb0>
index  local: 7,<IoT_ItensMonitor.CameraMonitor object at 0x7f088f207ad0>,<IoT_ItensMonitor.CameraMonitor object at 0x7f088f207bc0>,<IoT_ItensMonitor.JanelaMonitor object at 0x7f088f207ce0>,<IoT_ItensMonitor.JanelaMonitor object at 0x7f088f152e70>
index  local: 8,<IoT_ItensMonitor.CameraMonitor object at 0x7f088f185700>,<IoT_ItensMonitor.CameraMonitor object at 0x7f088f207ad0>,<IoT_ItensMonitor.JanelaMonitor object at 0x7f088f207bc0>,<IoT_ItensMonitor.JanelaMonitor object at 0x7f088f207ce0>
index  local: 9,<IoT_ItensMonitor.CameraMonitor object at 0x7f088f353cb0>,<IoT_ItensMonitor.CameraMonitor object at 0x7f088f185700>,<IoT_ItensMonitor.JanelaMonitor object at 0x7f088f207ad0>,<IoT_ItensMonitor.JanelaMonitor object at 0x7f088f207bc0>
index  local: 10,<IoT_ItensMonitor.CameraMonitor object at 0x7f088f152e70>,<IoT_ItensMonitor.CameraMonitor object at 0x7f088f353cb0>,<IoT_ItensMonitor.JanelaMonitor object at 0x7f088f185700>,<IoT_ItensMonitor.JanelaMonitor object at 0x7f088f207ad0>
index  local: 11,<IoT_ItensMonitor.CameraMonitor object at 0x7f088f207ce0>,<IoT_ItensMonitor.CameraMonitor object at 0x7f088f152e70>,<IoT_ItensMonitor.JanelaMonitor object at 0x7f088f353cb0>,<IoT_ItensMonitor.JanelaMonitor object at 0x7f088f185700>
index  local: 12,<IoT_ItensMonitor.CameraMonitor object at 0x7f088f207bc0>,<IoT_ItensMonitor.CameraMonitor object at 0x7f088f207ce0>,<IoT_ItensMonitor.JanelaMonitor object at 0x7f088f152e70>,<IoT_ItensMonitor.JanelaMonitor object at 0x7f088f353cb0>
index  local: 13,<IoT_ItensMonitor.CameraMonitor object at 0x7f088f207ad0>,<IoT_ItensMonitor.CameraMonitor object at 0x7f088f207bc0>,<IoT_ItensMonitor.JanelaMonitor object at 0x7f088f207ce0>,<IoT_ItensMonitor.JanelaMonitor object at 0x7f088f152e70>
index  local: 14,<IoT_ItensMonitor.CameraMonitor object at 0x7f088f185700>,<IoT_ItensMonitor.CameraMonitor object at 0x7f088f207ad0>,<IoT_ItensMonitor.JanelaMonitor object at 0x7f088f207bc0>,<IoT_ItensMonitor.JanelaMonitor object at 0x7f088f207ce0>
index  local: 15,<IoT_ItensMonitor.CameraMonitor object at 0x7f088f353cb0>,<IoT_ItensMonitor.CameraMonitor object at 0x7f088f185700>,<IoT_ItensMonitor.JanelaMonitor object at 0x7f088f207ad0>,<IoT_ItensMonitor.JanelaMonitor object at 0x7f088f207bc0>
index  local: 16,<IoT_ItensMonitor.CameraMonitor object at 0x7f088f152e70>,<IoT_ItensMonitor.CameraMonitor object at 0x7f088f353cb0>,<IoT_ItensMonitor.JanelaMonitor object at 0x7f088f185700>,<IoT_ItensMonitor.JanelaMonitor object at 0x7f088f207ad0>
index  local: 17,<IoT_ItensMonitor.CameraMonitor object at 0x7f088f207ce0>,<IoT_ItensMonitor.CameraMonitor object at 0x7f088f152e70>,<IoT_ItensMonitor.JanelaMonitor object at 0x7f088f353cb0>,<IoT_ItensMonitor.JanelaMonitor object at 0x7f088f185700>
index  local: 18,<IoT_ItensMonitor.CameraMonitor object at 0x7f088f207bc0>,<IoT_ItensMonitor.CameraMonitor object at 0x7f088f207ce0>,<IoT_ItensMonitor.JanelaMonitor object at 0x7f088f152e70>,<IoT_ItensMonitor.JanelaMonitor object at 0x7f088f353cb0>
index  local: 19,<IoT_ItensMonitor.CameraMonitor object at 0x7f088f207ad0>,<IoT_ItensMonitor.CameraMonitor object at 0x7f088f207bc0>,<IoT_ItensMonitor.JanelaMonitor object at 0x7f088f207ce0>,<IoT_ItensMonitor.JanelaMonitor object at 0x7f088f152e70>
index  local: 20,<IoT_ItensMonitor.CameraMonitor object at 0x7f088f185700>,<IoT_ItensMonitor.CameraMonitor object at 0x7f088f207ad0>,<IoT_ItensMonitor.JanelaMonitor object at 0x7f088f207bc0>,<IoT_ItensMonitor.JanelaMonitor object at 0x7f088f207ce0>
index  local: 21,<IoT_ItensMonitor.CameraMonitor object at 0x7f088f353cb0>,<IoT_ItensMonitor.CameraMonitor object at 0x7f088f185700>,<IoT_ItensMonitor.JanelaMonitor object at 0x7f088f207ad0>,<IoT_ItensMonitor.JanelaMonitor object at 0x7f088f207bc0>
index  local: 22,<IoT_ItensMonitor.CameraMonitor object at 0x7f088f152e70>,<IoT_ItensMonitor.CameraMonitor object at 0x7f088f353cb0>,<IoT_ItensMonitor.JanelaMonitor object at 0x7f088f185700>,<IoT_ItensMonitor.JanelaMonitor object at 0x7f088f207ad0>
index  local: 23,<IoT_ItensMonitor.CameraMonitor object at 0x7f088f207ce0>,<IoT_ItensMonitor.CameraMonitor object at 0x7f088f152e70>,<IoT_ItensMonitor.JanelaMonitor object at 0x7f088f353cb0>,<IoT_ItensMonitor.JanelaMonitor object at 0x7f088f185700>
index  local: 24,<IoT_ItensMonitor.CameraMonitor object at 0x7f088f207bc0>,<IoT_ItensMonitor.CameraMonitor object at 0x7f088f207ce0>,<IoT_ItensMonitor.JanelaMonitor object at 0x7f088f152e70>,<IoT_ItensMonitor.JanelaMonitor object at 0x7f088f353cb0>
index  local: 25,<IoT_ItensMonitor.CameraMonitor object at 0x7f088f207ad0>,<IoT_ItensMonitor.CameraMonitor object at 0x7f088f207bc0>,<IoT_ItensMonitor.JanelaMonitor object at 0x7f088f207ce0>,<IoT_ItensMonitor.JanelaMonitor object at 0x7f088f152e70>
index  local: 26,<IoT_ItensMonitor.CameraMonitor object at 0x7f088f185700>,<IoT_ItensMonitor.CameraMonitor object at 0x7f088f207ad0>,<IoT_ItensMonitor.JanelaMonitor object at 0x7f088f207bc0>,<IoT_ItensMonitor.JanelaMonitor object at 0x7f088f207ce0>
index  local: 27,<IoT_ItensMonitor.CameraMonitor object at 0x7f088f353cb0>,<IoT_ItensMonitor.CameraMonitor object at 0x7f088f185700>,<IoT_ItensMonitor.JanelaMonitor object at 0x7f088f207ad0>,<IoT_ItensMonitor.JanelaMonitor object at 0x7f088f207bc0>
index  local: 28,<IoT_ItensMonitor.CameraMonitor object at 0x7f088f152e70>,<IoT_ItensMonitor.CameraMonitor object at 0x7f088f353cb0>,<IoT_ItensMonitor.JanelaMonitor object at 0x7f088f185700>,<IoT_ItensMonitor.JanelaMonitor object at 0x7f088f207ad0>
index  local: 29,<IoT_ItensMonitor.CameraMonitor object at 0x7f088f207ce0>,<IoT_ItensMonitor.CameraMonitor object at 0x7f088f152e70>,<IoT_ItensMonitor.JanelaMonitor object at 0x7f088f353cb0>,<IoT_ItensMonitor.JanelaMonitor object at 0x7f088f185700>
index  local: 30,<IoT_ItensMonitor.CameraMonitor object at 0x7f088f207bc0>,<IoT_ItensMonitor.CameraMonitor object at 0x7f088f207ce0>,<IoT_ItensMonitor.JanelaMonitor object at 0x7f088f152e70>,<IoT_ItensMonitor.JanelaMonitor object at 0x7f088f353cb0>
index  local: 31,<IoT_ItensMonitor.CameraMonitor object at 0x7f088f207ad0>,<IoT_ItensMonitor.CameraMonitor object at 0x7f088f207bc0>,<IoT_ItensMonitor.JanelaMonitor object at 0x7f088f207ce0>,<IoT_ItensMonitor.JanelaMonitor object at 0x7f088f152e70>
index  local: 32,<IoT_ItensMonitor.CameraMonitor object at 0x7f088f185700>,<IoT_ItensMonitor.CameraMonitor object at 0x7f088f207ad0>,<IoT_ItensMonitor.JanelaMonitor object at 0x7f088f207bc0>,<IoT_ItensMonitor.JanelaMonitor object at 0x7f088f207ce0>
index  local: 33,<IoT_ItensMonitor.CameraMonitor object at 0x7f088f353cb0>,<IoT_ItensMonitor.CameraMonitor object at 0x7f088f185700>,<IoT_ItensMonitor.JanelaMonitor object at 0x7f088f207ad0>,<IoT_ItensMonitor.JanelaMonitor object at 0x7f088f207bc0>
index  local: 34,<IoT_ItensMonitor.CameraMonitor object at 0x7f088f152e70>,<IoT_ItensMonitor.CameraMonitor object at 0x7f088f353cb0>,<IoT_ItensMonitor.JanelaMonitor object at 0x7f088f185700>,<IoT_ItensMonitor.JanelaMonitor object at 0x7f088f207ad0>
index  local: 35,<IoT_ItensMonitor.CameraMonitor object at 0x7f088f207ce0>,<IoT_ItensMonitor.CameraMonitor object at 0x7f088f152e70>,<IoT_ItensMonitor.JanelaMonitor object at 0x7f088f353cb0>,<IoT_ItensMonitor.JanelaMonitor object at 0x7f088f185700>
index  local: 36,<IoT_ItensMonitor.CameraMonitor object at 0x7f088f207bc0>,<IoT_ItensMonitor.CameraMonitor object at 0x7f088f207ce0>,<IoT_ItensMonitor.JanelaMonitor object at 0x7f088f152e70>,<IoT_ItensMonitor.JanelaMonitor object at 0x7f088f353cb0>
index  local: 37,<IoT_ItensMonitor.CameraMonitor object at 0x7f088f353380>,<IoT_ItensMonitor.CameraMonitor object at 0x7f088f207bc0>,<IoT_ItensMonitor.JanelaMonitor object at 0x7f088f207ce0>,<IoT_ItensMonitor.JanelaMonitor object at 0x7f088f152e70>
index  local: 38,<IoT_ItensMonitor.CameraMonitor object at 0x7f088f185700>,<IoT_ItensMonitor.CameraMonitor object at 0x7f088f353380>,<IoT_ItensMonitor.JanelaMonitor object at 0x7f088f207bc0>,<IoT_ItensMonitor.JanelaMonitor object at 0x7f088f207ce0>
index  local: 39,<IoT_ItensMonitor.CameraMonitor object at 0x7f088f207ad0>,<IoT_ItensMonitor.CameraMonitor object at 0x7f088f185700>,<IoT_ItensMonitor.JanelaMonitor object at 0x7f088f353380>,<IoT_ItensMonitor.JanelaMonitor object at 0x7f088f207bc0>
index  local: 40,<IoT_ItensMonitor.CameraMonitor object at 0x7f088f152e70>,<IoT_ItensMonitor.CameraMonitor object at 0x7f088f207ad0>,<IoT_ItensMonitor.JanelaMonitor object at 0x7f088f185700>,<IoT_ItensMonitor.JanelaMonitor object at 0x7f088f353380>
index  local: 41,<IoT_ItensMonitor.CameraMonitor object at 0x7f088f353cb0>,<IoT_ItensMonitor.CameraMonitor object at 0x7f088f152e70>,<IoT_ItensMonitor.JanelaMonitor object at 0x7f088f207ad0>,<IoT_ItensMonitor.JanelaMonitor object at 0x7f088f185700>
index  local: 42,<IoT_ItensMonitor.CameraMonitor object at 0x7f088f207bc0>,<IoT_ItensMonitor.CameraMonitor object at 0x7f088f353cb0>,<IoT_ItensMonitor.JanelaMonitor object at 0x7f088f152e70>,<IoT_ItensMonitor.JanelaMonitor object at 0x7f088f207ad0>
index  local: 43,<IoT_ItensMonitor.CameraMonitor object at 0x7f088f207ce0>,<IoT_ItensMonitor.CameraMonitor object at 0x7f088f207bc0>,<IoT_ItensMonitor.JanelaMonitor object at 0x7f088f353cb0>,<IoT_ItensMonitor.JanelaMonitor object at 0x7f088f152e70>
index  local: 44,<IoT_ItensMonitor.CameraMonitor object at 0x7f088f185700>,<IoT_ItensMonitor.CameraMonitor object at 0x7f088f207ce0>,<IoT_ItensMonitor.JanelaMonitor object at 0x7f088f207bc0>,<IoT_ItensMonitor.JanelaMonitor object at 0x7f088f353cb0>
index  local: 45,<IoT_ItensMonitor.CameraMonitor object at 0x7f088f353380>,<IoT_ItensMonitor.CameraMonitor object at 0x7f088f185700>,<IoT_ItensMonitor.JanelaMonitor object at 0x7f088f207ce0>,<IoT_ItensMonitor.JanelaMonitor object at 0x7f088f207bc0>
index  local: 46,<IoT_ItensMonitor.CameraMonitor object at 0x7f088f152e70>,<IoT_ItensMonitor.CameraMonitor object at 0x7f088f353380>,<IoT_ItensMonitor.JanelaMonitor object at 0x7f088f185700>,<IoT_ItensMonitor.JanelaMonitor object at 0x7f088f207ce0>
index  local: 47,<IoT_ItensMonitor.CameraMonitor object at 0x7f088f207ad0>,<IoT_ItensMonitor.CameraMonitor object at 0x7f088f152e70>,<IoT_ItensMonitor.JanelaMonitor object at 0x7f088f353380>,<IoT_ItensMonitor.JanelaMonitor object at 0x7f088f185700>
index  local: 48,<IoT_ItensMonitor.CameraMonitor object at 0x7f088f207bc0>,<IoT_ItensMonitor.CameraMonitor object at 0x7f088f207ad0>,<IoT_ItensMonitor.JanelaMonitor object at 0x7f088f152e70>,<IoT_ItensMonitor.JanelaMonitor object at 0x7f088f353380>
index  local: 49,<IoT_ItensMonitor.CameraMonitor object at 0x7f088f353cb0>,<IoT_ItensMonitor.CameraMonitor object at 0x7f088f207bc0>,<IoT_ItensMonitor.JanelaMonitor object at 0x7f088f207ad0>,<IoT_ItensMonitor.JanelaMonitor object at 0x7f088f152e70>
index  local: 50,<IoT_ItensMonitor.CameraMonitor object at 0x7f088f185700>,<IoT_ItensMonitor.CameraMonitor object at 0x7f088f353cb0>,<IoT_ItensMonitor.JanelaMonitor object at 0x7f088f207bc0>,<IoT_ItensMonitor.JanelaMonitor object at 0x7f088f207ad0>
index  local: 51,<IoT_ItensMonitor.CameraMonitor object at 0x7f088f207ce0>,<IoT_ItensMonitor.CameraMonitor object at 0x7f088f185700>,<IoT_ItensMonitor.JanelaMonitor object at 0x7f088f353cb0>,<IoT_ItensMonitor.JanelaMonitor object at 0x7f088f207bc0>
index  local: 52,<IoT_ItensMonitor.CameraMonitor object at 0x7f088f152e70>,<IoT_ItensMonitor.CameraMonitor object at 0x7f088f207ce0>,<IoT_ItensMonitor.JanelaMonitor object at 0x7f088f185700>,<IoT_ItensMonitor.JanelaMonitor object at 0x7f088f353cb0>
index  local: 53,<IoT_ItensMonitor.CameraMonitor object at 0x7f088f353380>,<IoT_ItensMonitor.CameraMonitor object at 0x7f088f152e70>,<IoT_ItensMonitor.JanelaMonitor object at 0x7f088f207ce0>,<IoT_ItensMonitor.JanelaMonitor object at 0x7f088f185700>
index  local: 54,<IoT_ItensMonitor.CameraMonitor object at 0x7f088f207bc0>,<IoT_ItensMonitor.CameraMonitor object at 0x7f088f353380>,<IoT_ItensMonitor.JanelaMonitor object at 0x7f088f152e70>,<IoT_ItensMonitor.JanelaMonitor object at 0x7f088f207ce0>
index  local: 55,<IoT_ItensMonitor.CameraMonitor object at 0x7f088f207ad0>,<IoT_ItensMonitor.CameraMonitor object at 0x7f088f207bc0>,<IoT_ItensMonitor.JanelaMonitor object at 0x7f088f353380>,<IoT_ItensMonitor.JanelaMonitor object at 0x7f088f152e70>
index  local: 56,<IoT_ItensMonitor.CameraMonitor object at 0x7f088f185700>,<IoT_ItensMonitor.CameraMonitor object at 0x7f088f207ad0>,<IoT_ItensMonitor.JanelaMonitor object at 0x7f088f207bc0>,<IoT_ItensMonitor.JanelaMonitor object at 0x7f088f353380>
index  local: 57,<IoT_ItensMonitor.CameraMonitor object at 0x7f088f353cb0>,<IoT_ItensMonitor.CameraMonitor object at 0x7f088f185700>,<IoT_ItensMonitor.JanelaMonitor object at 0x7f088f207ad0>,<IoT_ItensMonitor.JanelaMonitor object at 0x7f088f207bc0>
index  local: 58,<IoT_ItensMonitor.CameraMonitor object at 0x7f088f152e70>,<IoT_ItensMonitor.CameraMonitor object at 0x7f088f353cb0>,<IoT_ItensMonitor.JanelaMonitor object at 0x7f088f185700>,<IoT_ItensMonitor.JanelaMonitor object at 0x7f088f207ad0>
index  local: 59,<IoT_ItensMonitor.CameraMonitor object at 0x7f088f207ce0>,<IoT_ItensMonitor.CameraMonitor object at 0x7f088f152e70>,<IoT_ItensMonitor.JanelaMonitor object at 0x7f088f353cb0>,<IoT_ItensMonitor.JanelaMonitor object at 0x7f088f185700>
index  local: 60,<IoT_ItensMonitor.CameraMonitor object at 0x7f088f207bc0>,<IoT_ItensMonitor.CameraMonitor object at 0x7f088f207ce0>,<IoT_ItensMonitor.JanelaMonitor object at 0x7f088f152e70>,<IoT_ItensMonitor.JanelaMonitor object at 0x7f088f353cb0>
index  local: 61,<IoT_ItensMonitor.CameraMonitor object at 0x7f088f353380>,<IoT_ItensMonitor.CameraMonitor object at 0x7f088f207bc0>,<IoT_ItensMonitor.JanelaMonitor object at 0x7f088f207ce0>,<IoT_ItensMonitor.JanelaMonitor object at 0x7f088f152e70>
index  local: 62,<IoT_ItensMonitor.CameraMonitor object at 0x7f088f185700>,<IoT_ItensMonitor.CameraMonitor object at 0x7f088f353380>,<IoT_ItensMonitor.JanelaMonitor object at 0x7f088f207bc0>,<IoT_ItensMonitor.JanelaMonitor object at 0x7f088f207ce0>
index  local: 63,<IoT_ItensMonitor.CameraMonitor object at 0x7f088f207ad0>,<IoT_ItensMonitor.CameraMonitor object at 0x7f088f185700>,<IoT_ItensMonitor.JanelaMonitor object at 0x7f088f353380>,<IoT_ItensMonitor.JanelaMonitor object at 0x7f088f207bc0>
index  local: 64,<IoT_ItensMonitor.CameraMonitor object at 0x7f088f152e70>,<IoT_ItensMonitor.CameraMonitor object at 0x7f088f207ad0>,<IoT_ItensMonitor.JanelaMonitor object at 0x7f088f185700>,<IoT_ItensMonitor.JanelaMonitor object at 0x7f088f353380>
index  local: 65,<IoT_ItensMonitor.CameraMonitor object at 0x7f088f353cb0>,<IoT_ItensMonitor.CameraMonitor object at 0x7f088f152e70>,<IoT_ItensMonitor.JanelaMonitor object at 0x7f088f207ad0>,<IoT_ItensMonitor.JanelaMonitor object at 0x7f088f185700>
index  local: 66,<IoT_ItensMonitor.CameraMonitor object at 0x7f088f207bc0>,<IoT_ItensMonitor.CameraMonitor object at 0x7f088f353cb0>,<IoT_ItensMonitor.JanelaMonitor object at 0x7f088f152e70>,<IoT_ItensMonitor.JanelaMonitor object at 0x7f088f207ad0>
index  local: 67,<IoT_ItensMonitor.CameraMonitor object at 0x7f088f207ce0>,<IoT_ItensMonitor.CameraMonitor object at 0x7f088f207bc0>,<IoT_ItensMonitor.JanelaMonitor object at 0x7f088f353cb0>,<IoT_ItensMonitor.JanelaMonitor object at 0x7f088f152e70>
index  local: 68,<IoT_ItensMonitor.CameraMonitor object at 0x7f088f185700>,<IoT_ItensMonitor.CameraMonitor object at 0x7f088f207ce0>,<IoT_ItensMonitor.JanelaMonitor object at 0x7f088f207bc0>,<IoT_ItensMonitor.JanelaMonitor object at 0x7f088f353cb0>
index  local: 69,<IoT_ItensMonitor.CameraMonitor object at 0x7f088f353380>,<IoT_ItensMonitor.CameraMonitor object at 0x7f088f185700>,<IoT_ItensMonitor.JanelaMonitor object at 0x7f088f207ce0>,<IoT_ItensMonitor.JanelaMonitor object at 0x7f088f207bc0>
index  local: 70,<IoT_ItensMonitor.CameraMonitor object at 0x7f088f152e70>,<IoT_ItensMonitor.CameraMonitor object at 0x7f088f353380>,<IoT_ItensMonitor.JanelaMonitor object at 0x7f088f185700>,<IoT_ItensMonitor.JanelaMonitor object at 0x7f088f207ce0>
index  local: 71,<IoT_ItensMonitor.CameraMonitor object at 0x7f088f207ad0>,<IoT_ItensMonitor.CameraMonitor object at 0x7f088f152e70>,<IoT_ItensMonitor.JanelaMonitor object at 0x7f088f353380>,<IoT_ItensMonitor.JanelaMonitor object at 0x7f088f185700>
index  local: 72,<IoT_ItensMonitor.CameraMonitor object at 0x7f088f207bc0>,<IoT_ItensMonitor.CameraMonitor object at 0x7f088f207ad0>,<IoT_ItensMonitor.JanelaMonitor object at 0x7f088f152e70>,<IoT_ItensMonitor.JanelaMonitor object at 0x7f088f353380>
index  local: 73,<IoT_ItensMonitor.CameraMonitor object at 0x7f088f353cb0>,<IoT_ItensMonitor.CameraMonitor object at 0x7f088f207bc0>,<IoT_ItensMonitor.JanelaMonitor object at 0x7f088f207ad0>,<IoT_ItensMonitor.JanelaMonitor object at 0x7f088f152e70>
index  local: 74,<IoT_ItensMonitor.CameraMonitor object at 0x7f088f185700>,<IoT_ItensMonitor.CameraMonitor object at 0x7f088f353cb0>,<IoT_ItensMonitor.JanelaMonitor object at 0x7f088f207bc0>,<IoT_ItensMonitor.JanelaMonitor object at 0x7f088f207ad0>
index  local: 75,<IoT_ItensMonitor.CameraMonitor object at 0x7f088f207ce0>,<IoT_ItensMonitor.CameraMonitor object at 0x7f088f185700>,<IoT_ItensMonitor.JanelaMonitor object at 0x7f088f353cb0>,<IoT_ItensMonitor.JanelaMonitor object at 0x7f088f207bc0>
index  local: 76,<IoT_ItensMonitor.CameraMonitor object at 0x7f088f152e70>,<IoT_ItensMonitor.CameraMonitor object at 0x7f088f207ce0>,<IoT_ItensMonitor.JanelaMonitor object at 0x7f088f185700>,<IoT_ItensMonitor.JanelaMonitor object at 0x7f088f353cb0>
index  local: 77,<IoT_ItensMonitor.CameraMonitor object at 0x7f088f353380>,<IoT_ItensMonitor.CameraMonitor object at 0x7f088f152e70>,<IoT_ItensMonitor.JanelaMonitor object at 0x7f088f207ce0>,<IoT_ItensMonitor.JanelaMonitor object at 0x7f088f185700>
index  local: 78,<IoT_ItensMonitor.CameraMonitor object at 0x7f088f207bc0>,<IoT_ItensMonitor.CameraMonitor object at 0x7f088f353380>,<IoT_ItensMonitor.JanelaMonitor object at 0x7f088f152e70>,<IoT_ItensMonitor.JanelaMonitor object at 0x7f088f207ce0>
index  local: 79,<IoT_ItensMonitor.CameraMonitor object at 0x7f088f207ad0>,<IoT_ItensMonitor.CameraMonitor object at 0x7f088f207bc0>,<IoT_ItensMonitor.JanelaMonitor object at 0x7f088f353380>,<IoT_ItensMonitor.JanelaMonitor object at 0x7f088f152e70>
index  local: 80,<IoT_ItensMonitor.CameraMonitor object at 0x7f088f185700>,<IoT_ItensMonitor.CameraMonitor object at 0x7f088f207ad0>,<IoT_ItensMonitor.JanelaMonitor object at 0x7f088f207bc0>,<IoT_ItensMonitor.JanelaMonitor object at 0x7f088f353380>
index  local: 81,<IoT_ItensMonitor.CameraMonitor object at 0x7f088f353cb0>,<IoT_ItensMonitor.CameraMonitor object at 0x7f088f185700>,<IoT_ItensMonitor.JanelaMonitor object at 0x7f088f207ad0>,<IoT_ItensMonitor.JanelaMonitor object at 0x7f088f207bc0>
index  local: 82,<IoT_ItensMonitor.CameraMonitor object at 0x7f088f152e70>,<IoT_ItensMonitor.CameraMonitor object at 0x7f088f353cb0>,<IoT_ItensMonitor.JanelaMonitor object at 0x7f088f185700>,<IoT_ItensMonitor.JanelaMonitor object at 0x7f088f207ad0>
index  local: 83,<IoT_ItensMonitor.CameraMonitor object at 0x7f088f207ce0>,<IoT_ItensMonitor.CameraMonitor object at 0x7f088f152e70>,<IoT_ItensMonitor.JanelaMonitor object at 0x7f088f353cb0>,<IoT_ItensMonitor.JanelaMonitor object at 0x7f088f185700>
index  local: 84,<IoT_ItensMonitor.CameraMonitor object at 0x7f088f207bc0>,<IoT_ItensMonitor.CameraMonitor object at 0x7f088f207ce0>,<IoT_ItensMonitor.JanelaMonitor object at 0x7f088f152e70>,<IoT_ItensMonitor.JanelaMonitor object at 0x7f088f353cb0>
index  local: 85,<IoT_ItensMonitor.CameraMonitor object at 0x7f088f353380>,<IoT_ItensMonitor.CameraMonitor object at 0x7f088f207bc0>,<IoT_ItensMonitor.JanelaMonitor object at 0x7f088f207ce0>,<IoT_ItensMonitor.JanelaMonitor object at 0x7f088f152e70>
index  local: 86,<IoT_ItensMonitor.CameraMonitor object at 0x7f088f373710>,<IoT_ItensMonitor.CameraMonitor object at 0x7f088f353380>,<IoT_ItensMonitor.JanelaMonitor object at 0x7f088f207bc0>,<IoT_ItensMonitor.JanelaMonitor object at 0x7f088f207ce0>
index  local: 87,<IoT_ItensMonitor.CameraMonitor object at 0x7f088f207ad0>,<IoT_ItensMonitor.CameraMonitor object at 0x7f088f373710>,<IoT_ItensMonitor.JanelaMonitor object at 0x7f088f353380>,<IoT_ItensMonitor.JanelaMonitor object at 0x7f088f207bc0>
index  local: 88,<IoT_ItensMonitor.CameraMonitor object at 0x7f088f185700>,<IoT_ItensMonitor.CameraMonitor object at 0x7f088f207ad0>,<IoT_ItensMonitor.JanelaMonitor object at 0x7f088f373710>,<IoT_ItensMonitor.JanelaMonitor object at 0x7f088f353380>
index  local: 89,<IoT_ItensMonitor.CameraMonitor object at 0x7f088f353cb0>,<IoT_ItensMonitor.CameraMonitor object at 0x7f088f185700>,<IoT_ItensMonitor.JanelaMonitor object at 0x7f088f207ad0>,<IoT_ItensMonitor.JanelaMonitor object at 0x7f088f373710>
index  local: 90,<IoT_ItensMonitor.CameraMonitor object at 0x7f088f152e70>,<IoT_ItensMonitor.CameraMonitor object at 0x7f088f353cb0>,<IoT_ItensMonitor.JanelaMonitor object at 0x7f088f185700>,<IoT_ItensMonitor.JanelaMonitor object at 0x7f088f207ad0>
index  local: 91,<IoT_ItensMonitor.CameraMonitor object at 0x7f088f207ce0>,<IoT_ItensMonitor.CameraMonitor object at 0x7f088f152e70>,<IoT_ItensMonitor.JanelaMonitor object at 0x7f088f353cb0>,<IoT_ItensMonitor.JanelaMonitor object at 0x7f088f185700>
index  local: 92,<IoT_ItensMonitor.CameraMonitor object at 0x7f088f3738c0>,<IoT_ItensMonitor.CameraMonitor object at 0x7f088f207ce0>,<IoT_ItensMonitor.JanelaMonitor object at 0x7f088f152e70>,<IoT_ItensMonitor.JanelaMonitor object at 0x7f088f353cb0>
index  local: 93,<IoT_ItensMonitor.CameraMonitor object at 0x7f088f373710>,<IoT_ItensMonitor.CameraMonitor object at 0x7f088f3738c0>,<IoT_ItensMonitor.JanelaMonitor object at 0x7f088f207ce0>,<IoT_ItensMonitor.JanelaMonitor object at 0x7f088f152e70>
index  local: 94,<IoT_ItensMonitor.CameraMonitor object at 0x7f088f207ad0>,<IoT_ItensMonitor.CameraMonitor object at 0x7f088f373710>,<IoT_ItensMonitor.JanelaMonitor object at 0x7f088f3738c0>,<IoT_ItensMonitor.JanelaMonitor object at 0x7f088f207ce0>
index  local: 95,<IoT_ItensMonitor.CameraMonitor object at 0x7f088f185700>,<IoT_ItensMonitor.CameraMonitor object at 0x7f088f207ad0>,<IoT_ItensMonitor.JanelaMonitor object at 0x7f088f373710>,<IoT_ItensMonitor.JanelaMonitor object at 0x7f088f3738c0>
index  local: 96,<IoT_ItensMonitor.CameraMonitor object at 0x7f088f353cb0>,<IoT_ItensMonitor.CameraMonitor object at 0x7f088f185700>,<IoT_ItensMonitor.JanelaMonitor object at 0x7f088f207ad0>,<IoT_ItensMonitor.JanelaMonitor object at 0x7f088f373710>
index  local: 97,<IoT_ItensMonitor.CameraMonitor object at 0x7f088f152e70>,<IoT_ItensMonitor.CameraMonitor object at 0x7f088f353cb0>,<IoT_ItensMonitor.JanelaMonitor object at 0x7f088f185700>,<IoT_ItensMonitor.JanelaMonitor object at 0x7f088f207ad0>
index  local: 98,<IoT_ItensMonitor.CameraMonitor object at 0x7f088f207ce0>,<IoT_ItensMonitor.CameraMonitor object at 0x7f088f152e70>,<IoT_ItensMonitor.JanelaMonitor object at 0x7f088f207bc0>,<IoT_ItensMonitor.JanelaMonitor object at 0x7f088f185700>
index  local: 99,<IoT_ItensMonitor.CameraMonitor object at 0x7f088f3738c0>,<IoT_ItensMonitor.CameraMonitor object at 0x7f088f373710>,<IoT_ItensMonitor.JanelaMonitor object at 0x7f088f152e70>,<IoT_ItensMonitor.JanelaMonitor object at 0x7f088f207bc0>
index  local: 100,<IoT_ItensMonitor.CameraMonitor object at 0x7f088f353380>,<IoT_ItensMonitor.CameraMonitor object at 0x7f088f3738c0>,<IoT_ItensMonitor.JanelaMonitor object at 0x7f088f373710>,<IoT_ItensMonitor.JanelaMonitor object at 0x7f088f152e70>
